Dinucleotide,P(1),P(2),P(3),P(4),P(5),P(6),P(7),P(8),P(9),P(10),P(11),P(12)
AA,0.85,0.85,-0.22,-0.96,-0.73,-0.62,-0.09,0.68,-1,1,0.36,0.23
AC,-1,-1,-0.6,-0.45,-0.27,0.37,-0.64,0.37,0.05,0.56,-0.48,0.5
AG,-0.56,-0.56,-1,0.45,-0.27,-0.18,-0.36,0.37,-0.12,-0.1,-0.39,0.04
AT,-0.01,-0.01,1,-1,-1,-0.48,-1,1,-0.31,-0.9,-1,1
CA,1,1,0.13,1,-0.27,-0.65,-0.09,0.16,0.75,-0.14,0.88,-0.77
CC,-0.87,-0.87,-0.25,0.81,1,0.15,1,-0.47,1,-0.75,-0.15,-0.35
CG,-0.14,-0.14,-0.89,0.8,0.18,-0.1,1.45,-1,0.64,-0.45,0.6,-1
CT,-0.56,-0.56,-1,-0.29,-0.27,-0.18,-0.36,0.37,-0.12,-1,-0.39,0.04
GA,0.87,0.87,0.43,1.24,-0.27,-0.3,-0.36,0.37,-0.02,-0.87,0.65,0.04
GC,0.32,0.32,0.24,1.17,0.18,1,1,-0.47,0.44,-0.54,0.01,0.27
GG,-0.87,-0.87,-0.25,0.63,1,0.15,1,-0.47,1,-0.14,-0.15,-0.35
GT,-1,-1,-0.6,-0.29,-0.27,0.37,-0.64,0.37,0.05,-0.9,-0.48,0.5
TA,0.32,0.32,-0.84,2.37,-1,-1,-0.45,1,0.29,-0.87,1,-0.31
TC,0.87,0.87,0.43,0.24,-0.27,-0.3,-0.36,0.37,-0.02,-0.45,0.65,0.04
TG,1,1,0.13,2.02,-0.27,-0.65,-0.09,0.16,0.75,0.56,0.88,-0.77
TT,0.85,0.85,-0.22,-1,-0.73,-0.62,-0.09,0.68,-1,-0.77,0.36,0.23